<?xml version="1.0" encoding="UTF-8"?>
<jcr:root xmlns:sling="http://sling.apache.org/jcr/sling/1.0" xmlns:granite="http://www.adobe.com/jcr/granite/1.0" xmlns:cq="http://www.day.com/jcr/cq/1.0" xmlns:jcr="http://www.jcp.org/jcr/1.0" xmlns:nt="http://www.jcp.org/jcr/nt/1.0"
    jcr:primaryType="cq:Page">
    <folderproperties/>
    <movepagewizard/>
    <publishxfwizard/>
    <createlaunchwizard/>
    <createlanguagecopywizard/>
    <previewvariation/>
    <createlivecopywizard/>
    <createpagewizard/>
    <jcr:content
        jcr:mixinTypes="[sling:VanityPath]"
        jcr:primaryType="nt:unstructured"
        jcr:title="AEM Experience Fragments"
        sling:resourceType="granite/ui/components/shell/collectionpage"
        sling:vanityOrder="{Long}301"
        sling:vanityPath="/aem/experience-fragments"
        consoleId="cq-experience-fragments"
        currentView="${state[&quot;products.shell.collectionpage.layoutId&quot;].string}"
        modeGroup="cq-experience-fragments-admin-childpages"
        omnisearchLocationPath="/libs/granite/omnisearch/content/metadata/experiencefragments"
        pageURITemplate="/aem/experience-fragments.html{+id}"
        targetCollection=".cq-experience-fragments-admin-childpages">
        <redirector/>
        <head/>
        <views jcr:primaryType="nt:unstructured">
            <column
                granite:class="xf-console-view xf-console-column-view"
                granite:rel="cq-experience-fragments-admin-childpages"
                jcr:primaryType="nt:unstructured"
                jcr:title="Column View"
                sling:resourceType="granite/ui/components/coral/foundation/columnview"
                icon="viewColumn"
                limit="{Long}40"
                loadAncestors="{Boolean}true"
                metaResourceType="cq/experience-fragments/components/admin/meta/experiencefragments"
                modeGroup="cq-experience-fragments-admin-childpages"
                path="${requestPathInfo.suffix}"
                previewSrc="/mnt/overlay/wcm/core/content/sites/pagecolumnpreview.html{+id}"
                rootPath="/content/experience-fragments"
                size="${empty requestPathInfo.selectors[1] ? &quot;40&quot; : requestPathInfo.selectors[1]}"
                src="/mnt/overlay/cq/experience-fragments/content/experience-fragments/jcr:content/views/column{.offset,limit}.html{+id}"
                stateId="xf.shell.collectionpage">
                <datasource
                    jcr:primaryType="nt:unstructured"
                    sling:resourceType="cq/gui/components/common/wcm/datasources/childpages"
                    exclude="/content/(catalogs|dam|launches|mac|publications|usergenerated|communities|community-components|community-templates|forms|projects|phonegap|mobileapps|screens/(svc|blueprints))(/.*)?"
                    itemResourceType="cq/experience-fragments/components/experiencefragment/column"
                    limit="${empty requestPathInfo.selectors[1] ? &quot;41&quot; : requestPathInfo.selectors[1] + 1}"
                    offset="${requestPathInfo.selectors[0]}"
                    path="${requestPathInfo.suffix}"/>
            </column>
            <card/>
            <list/>
        </views>
        <breadcrumbs/>
        <actions/>
        <rails/>
    </jcr:content>
    <pagecolumnpreview/>
</jcr:root>
